Id,Tehsil,Type,Name,Population
1,Sagar,Town,Sagar Municipal Corporation,274556
2,Sagar,Town,Sagar Cantt Cantonment Board,40513
3,Sagar,Town,Rajakhedi Census Town,24232
4,Sagar,Town,Makronia Buzurg Census Town,23861
5,Sagar,Town,Shahpur Nagar Panchayat,13668
6,Sagar,Town,Karrapur Census Town,10647
7,Sagar,Town,Dhana Census Town,9677
8,Sagar,Town,Gamiria Sagar Census Town,7984
9,Sagar,Town,Bhainsa Census Town,5144
10,Sagar,Town,Kapuria Census Town,1902
11,Sagar,Village,Agariya,834
12,Sagar,Village,Agra,845
13,Sagar,Village,Ama Khurd,258
14,Sagar,Village,Amaoni,670
15,Sagar,Village,Amet,1506
16,Sagar,Village,Amoda,774
17,Sagar,Village,Amoda,599
18,Sagar,Village,Apchand,2047
19,Sagar,Village,Arjani,354
20,Sagar,Village,Bachhlon,2241
21,Sagar,Village,Badarchuwa,188
22,Sagar,Village,Badaua,717
23,Sagar,Village,Badbadi,548
24,Sagar,Village,Badera,10
25,Sagar,Village,Badkuwan,2057
26,Sagar,Village,Badona,2694
27,Sagar,Village,Badora,856
28,Sagar,Village,Badtuma,2752
29,Sagar,Village,Baheria Gadgad,1930
30,Sagar,Village,Baheriya Sahni,1320
31,Sagar,Village,Bakhra,192
32,Sagar,Village,Bakswaha,1553
33,Sagar,Village,Bamhori,333
34,Sagar,Village,Bamhori,343
35,Sagar,Village,Bamhori Bika,2367
36,Sagar,Village,Bamhori Dhunder,2943
37,Sagar,Village,Bamhori Ghat,979
38,Sagar,Village,Bamhori Renguwan,3620
39,Sagar,Village,Bamora,622
40,Sagar,Village,Banguwan,218
41,Sagar,Village,Banjariya,897
42,Sagar,Village,Bansa,2542
43,Sagar,Village,Bansiya,1802
44,Sagar,Village,Bararu,3567
45,Sagar,Village,Barchha,1088
46,Sagar,Village,Barkhera Khuman,1684
47,Sagar,Village,Barkhera Mafi,322
48,Sagar,Village,Barkhuwa Khurd,441
49,Sagar,Village,Barnawad,1846
50,Sagar,Village,Baroda Rehli,2392
51,Sagar,Village,Baroda Sager,3056
52,Sagar,Village,Barodiya Gusai,439
53,Sagar,Village,Barpani,1316
54,Sagar,Village,Basiya Bhansa,1072
55,Sagar,Village,Belai Ghat,638
56,Sagar,Village,Belai Guru,462
57,Sagar,Village,Belai Mafi,444
58,Sagar,Village,Belkhader,95
59,Sagar,Village,Berkhera Mahent,429
60,Sagar,Village,Berkheri,770
61,Sagar,Village,Berkheri Champat,292
62,Sagar,Village,Berkheri Gangaram,803
63,Sagar,Village,Berkheri Guru,1521
64,Sagar,Village,Berkheri Khurd,296
65,Sagar,Village,Berkheri Mudiya,362
66,Sagar,Village,Berkheri Suwansh,628
67,Sagar,Village,Berkhuwa Mahant,577
68,Sagar,Village,Berkhuwa Tiwari,335
69,Sagar,Village,Bersala,483
70,Sagar,Village,Bhainswahi,2080
71,Sagar,Village,Bhajiya,323
72,Sagar,Village,Bhapel,2938
73,Sagar,Village,Bhilaiya,371
74,Sagar,Village,Bhonhari,1543
75,Sagar,Village,Bichhuwa,456
76,Sagar,Village,Biharikheda,1455
77,Sagar,Village,Biharipura,578
78,Sagar,Village,Bijora,1539
79,Sagar,Village,Bilehra,9371
80,Sagar,Village,Bindwas,2675
81,Sagar,Village,Birpura,648
82,Sagar,Village,Birpura Sagar,538
83,Sagar,Village,Bisunpur,1022
84,Sagar,Village,Boda Pipariya,491
85,Sagar,Village,Chakeri,679
86,Sagar,Village,Chakroda,46
87,Sagar,Village,Chandamau,2793
88,Sagar,Village,Chandoni,686
89,Sagar,Village,Chandrapur,339
90,Sagar,Village,Chandwar,1123
91,Sagar,Village,Chartoriya,1680
92,Sagar,Village,Chatur Bhata,2475
93,Sagar,Village,Chauka,141
94,Sagar,Village,Chawda,909
95,Sagar,Village,Chenpura,1219
96,Sagar,Village,Chitai,135
97,Sagar,Village,Chitoura,2752
98,Sagar,Village,Chouka Damoh,413
99,Sagar,Village,Dabri,436
100,Sagar,Village,Dangi Dahar,467
101,Sagar,Village,Deori,1247
102,Sagar,Village,Deori Pathariya,1366
103,Sagar,Village,Dewalchori,1354
104,Sagar,Village,Dhakrai,1402
105,Sagar,Village,Dhana Naryaoli,731
106,Sagar,Village,Dharkheri,129
107,Sagar,Village,Dhau,272
108,Sagar,Village,Dhoha,588
109,Sagar,Village,Dhoha,172
110,Sagar,Village,Dhudoniya,834
111,Sagar,Village,Dhungasra,2890
112,Sagar,Village,Dhura,1786
113,Sagar,Village,Dungariya,563
114,Sagar,Village,Futera,559
115,Sagar,Village,Gadariya Dhonga,481
116,Sagar,Village,Gadarkhera,92
117,Sagar,Village,Gadoli Buzurg,582
118,Sagar,Village,Gadoli Kalan,825
119,Sagar,Village,Gadoli Khurd,1926
120,Sagar,Village,Gadpahra Muhal,733
121,Sagar,Village,Gadpahra Raiyatwari,240
122,Sagar,Village,Gehalpur,528
123,Sagar,Village,Genhuras Buzurg,859
124,Sagar,Village,Genhuras Khurd,177
125,Sagar,Village,Ghana,674
126,Sagar,Village,Ghana,398
127,Sagar,Village,Ghatampur,1197
128,Sagar,Village,Ghoghari,573
129,Sagar,Village,Ghughar,2841
130,Sagar,Village,Ghureta,733
131,Sagar,Village,Gidwani,1290
132,Sagar,Village,Girwar,2585
133,Sagar,Village,Godai,129
134,Sagar,Village,Gonchi,179
135,Sagar,Village,Gora,844
136,Sagar,Village,Gousra,863
137,Sagar,Village,Guda,913
138,Sagar,Village,Guraiya,1197
139,Sagar,Village,Hada,778
140,Sagar,Village,Hafsili,718
141,Sagar,Village,Hafsili,790
142,Sagar,Village,Hanota Dugaha,16
143,Sagar,Village,Hanota Kalan,1332
144,Sagar,Village,Hanota Khurd,340
145,Sagar,Village,Hanota Parichhat,1803
146,Sagar,Village,Hanota Sagar,933
147,Sagar,Village,Hansrai,558
148,Sagar,Village,Hilgan,2503
149,Sagar,Village,Hinnod,2036
150,Sagar,Village,Hinnpur,552
151,Sagar,Village,Hirapur,234
152,Sagar,Village,Hirapur,1614
153,Sagar,Village,Ikpana Basona,1102
154,Sagar,Village,Ishurwara,3315
155,Sagar,Village,Jaisinagar,7848
156,Sagar,Village,Jaitpur,337
157,Sagar,Village,Jaitpur,543
158,Sagar,Village,Jamuniya,634
159,Sagar,Village,Jamuniya Gond,998
160,Sagar,Village,Jarara,1145
161,Sagar,Village,Jasraj,984
162,Sagar,Village,Jera,854
163,Sagar,Village,Jerai,965
164,Sagar,Village,Jerwara,756
165,Sagar,Village,Jhamra,253
166,Sagar,Village,Jhinpatan,6
167,Sagar,Village,Jhujarpura,191
168,Sagar,Village,Jinda,674
169,Sagar,Village,Johariya,552
170,Sagar,Village,Kadera Belkhader,331
171,Sagar,Village,Kaijra Uddet,577
172,Sagar,Village,Kalipathar,490
173,Sagar,Village,Kanchri,1000
174,Sagar,Village,Kandela,615
175,Sagar,Village,Kanera Gond,1852
176,Sagar,Village,Kanker Kuiya,523
177,Sagar,Village,Kanoni,617
178,Sagar,Village,Karai,597
179,Sagar,Village,Karaiya,2064
180,Sagar,Village,Karaiya,1127
181,Sagar,Village,Karhad,1298
182,Sagar,Village,Katangi,806
183,Sagar,Village,Keolari,1001
184,Sagar,Village,Kerbana,4121
185,Sagar,Village,Keslon,217
186,Sagar,Village,Khadera Bhan,1415
187,Sagar,Village,Khadera Khurd,491
188,Sagar,Village,Khaejra Budhu,767
189,Sagar,Village,Khaharmau,565
190,Sagar,Village,Khajuriya,720
191,Sagar,Village,Khajuriya Guru,823
192,Sagar,Village,Khakron,1308
193,Sagar,Village,Khamariya Gond,42
194,Sagar,Village,Khamhariya Buzurg,428
195,Sagar,Village,Khamkheda,265
196,Sagar,Village,Khamkuwa,2287
197,Sagar,Village,Khand,640
198,Sagar,Village,Khanpur,219
199,Sagar,Village,Khejra Dugaha,359
200,Sagar,Village,Khejra Mafi,965
201,Sagar,Village,Khejrabag,965
202,Sagar,Village,Khera Sliya,786
203,Sagar,Village,Kherai,908
204,Sagar,Village,Khiria Damodi,339
205,Sagar,Village,Khiria Tajkhan,108
206,Sagar,Village,Khiriya Khurd,671
207,Sagar,Village,Khiriya Nikhar,667
208,Sagar,Village,Khurai Thaori,1849
209,Sagar,Village,Killai,1685
210,Sagar,Village,Kishanpura,1721
211,Sagar,Village,Kishnpura,844
212,Sagar,Village,Knera Nikhar,1407
213,Sagar,Village,Kodni,902
214,Sagar,Village,Koluwa Amarsa,434
215,Sagar,Village,Korja,487
216,Sagar,Village,Kudai,137
217,Sagar,Village,Kudari,2392
218,Sagar,Village,Kusumgarh,206
219,Sagar,Village,Lahdara,459
220,Sagar,Village,Lakhni,511
221,Sagar,Village,Lalepur,717
222,Sagar,Village,Lidhora Khurd,958
223,Sagar,Village,Lidhorahat,1244
224,Sagar,Village,Lotna,1114
225,Sagar,Village,Lotni,628
226,Sagar,Village,Luhari,1558
227,Sagar,Village,Madaiya Gond,620
228,Sagar,Village,Madanpura,393
229,Sagar,Village,Madkhera Jagir,1386
230,Sagar,Village,Magron,1904
231,Sagar,Village,Mahuwa Kheda,1040
232,Sagar,Village,Mahuwa Kheda,1540
233,Sagar,Village,Mahuwa Kheda Gondi,484
234,Sagar,Village,Mahuwakheda Kalan,396
235,Sagar,Village,Majguwan,2563
236,Sagar,Village,Majhguwan Ahir,484
237,Sagar,Village,Majhguwan Grant,61
238,Sagar,Village,Makroniya Khurd,338
239,Sagar,Village,Manchhi,7
240,Sagar,Village,Manesiya,705
241,Sagar,Village,Mankiyai,1240
242,Sagar,Village,Mara Imaliya,1288
243,Sagar,Village,Masanjhiri,340
244,Sagar,Village,Masurhai,1280
245,Sagar,Village,Maswasi,546
246,Sagar,Village,Medki,283
247,Sagar,Village,Mehar,3825
248,Sagar,Village,Mehgod,978
249,Sagar,Village,Menpani,1599
250,Sagar,Village,Midwasa,2063
251,Sagar,Village,Midwasa,948
252,Sagar,Village,Mochal,567
253,Sagar,Village,Mohara,335
254,Sagar,Village,Mohli,2058
255,Sagar,Village,Mokalpur,3985
256,Sagar,Village,Mothi,1696
257,Sagar,Village,Mudiya Kalrai,637
258,Sagar,Village,Mudra,736
259,Sagar,Village,Mudra Jaruwakheda,6521
260,Sagar,Village,Mudri,672
261,Sagar,Village,Nagna,451
262,Sagar,Village,Narayanpur,769
263,Sagar,Village,Narayawali,5261
264,Sagar,Village,Narwani,1251
265,Sagar,Village,Nitarri,367
266,Sagar,Village,Oriya,1494
267,Sagar,Village,Padariya,4343
268,Sagar,Village,Padariya Kalan,405
269,Sagar,Village,Padrai,3459
270,Sagar,Village,Pagara,2871
271,Sagar,Village,Pali,1001
272,Sagar,Village,Pamakhedi,2912
273,Sagar,Village,Panari,910
274,Sagar,Village,Parasiya,485
275,Sagar,Village,Pargaspura,597
276,Sagar,Village,Parsoriya,4398
277,Sagar,Village,Patan,1426
278,Sagar,Village,Patha,1081
279,Sagar,Village,Patha,254
280,Sagar,Village,Pathariya Hat,1475
281,Sagar,Village,Patheriya Jat,4555
282,Sagar,Village,Patheriya Raiyatwari,520
283,Sagar,Village,Patkui,1566
284,Sagar,Village,Piparia Vaid,328
285,Sagar,Village,Pipariya,743
286,Sagar,Village,Pipariya,164
287,Sagar,Village,Pipariya Karkat,815
288,Sagar,Village,Pipariya Khongar,350
289,Sagar,Village,Pipariya Ramwan,321
290,Sagar,Village,Piperiya Gehalpur,831
291,Sagar,Village,Piprai,424
292,Sagar,Village,Prithvipura,268
293,Sagar,Village,Raipura,408
294,Sagar,Village,Rajauya,2514
295,Sagar,Village,Rampura,591
296,Sagar,Village,Rampura,192
297,Sagar,Village,Rangoli,2401
298,Sagar,Village,Ranipura,992
299,Sagar,Village,Ranipura,395
300,Sagar,Village,Ratona,1279
301,Sagar,Village,Rehli,552
302,Sagar,Village,Renwjha,739
303,Sagar,Village,Richhai,1036
304,Sagar,Village,Richhawar,1194
305,Sagar,Village,Richoda,1078
306,Sagar,Village,Rusalla,1742
307,Sagar,Village,Saderi,1643
308,Sagar,Village,Sagoni Bhat,556
309,Sagar,Village,Sagoni Guru,596
310,Sagar,Village,Sagoni Khurd,727
311,Sagar,Village,Sagoni Puraina,1223
312,Sagar,Village,Sagoriya,93
313,Sagar,Village,Sahajpuri Buzurg,464
314,Sagar,Village,Sahajpuri Khurd,602
315,Sagar,Village,Saikheda,2039
316,Sagar,Village,Saji,616
317,Sagar,Village,Saji,493
318,Sagar,Village,Salaiya,558
319,Sagar,Village,Salaiya Ganji,577
320,Sagar,Village,Salaiya Ghugher,452
321,Sagar,Village,Samnapur,1289
322,Sagar,Village,Samos,503
323,Sagar,Village,Sanjra,91
324,Sagar,Village,Sanodha,6394
325,Sagar,Village,Sapat,616
326,Sagar,Village,Sarkhari,1268
327,Sagar,Village,Satta Dhana,1920
328,Sagar,Village,Semadhana,2414
329,Sagar,Village,Semra Angad,972
330,Sagar,Village,Semra Ghat,249
331,Sagar,Village,Semra Ghona,619
332,Sagar,Village,Semra Gopalman,1908
333,Sagar,Village,Semra Hat,1085
334,Sagar,Village,Semra Lahariya,1918
335,Sagar,Village,Semrabag,2992
336,Sagar,Village,Semrakalan,703
337,Sagar,Village,Senkuwa Raiyatwari,113
338,Sagar,Village,Sethiya,1330
339,Sagar,Village,Sewan,1208
340,Sagar,Village,Sewara Sewari,1367
341,Sagar,Village,Shobhapur,643
342,Sagar,Village,Shyampura,378
343,Sagar,Village,Sidguwan,2478
344,Sagar,Village,Silera,686
345,Sagar,Village,Simariya,1637
346,Sagar,Village,Simariya,216
347,Sagar,Village,Singarchori,536
348,Sagar,Village,Singarmundi,358
349,Sagar,Village,Singna,1431
350,Sagar,Village,Singpur,48
351,Sagar,Village,Sironja,2083
352,Sagar,Village,Sirwai,50
353,Sagar,Village,Somla,1326
354,Sagar,Village,Sukha,417
355,Sagar,Village,Sultanpura,528
356,Sagar,Village,Suneti,32
357,Sagar,Village,Surajpura,725
358,Sagar,Village,Surkhi,7289
359,Sagar,Village,Suwatala,351
360,Sagar,Village,Tahra Tahri,1592
361,Sagar,Village,Tajpur,1111
362,Sagar,Village,Talchiri,1971
363,Sagar,Village,Talguwari,351
364,Sagar,Village,Tekapar,844
365,Sagar,Village,Tendu Daber,708
366,Sagar,Village,Tigra,35
367,Sagar,Village,Tilakhera,662
368,Sagar,Village,Tinsuwa,1201
369,Sagar,Village,Toda Gotamiya,1455
370,Sagar,Village,Toda Tarafdar,2496
371,Sagar,Village,Udaipura Tiwari,1236
372,Banda,Town,Banda Nagar Panchayat,30923
373,Banda,Village,Abdapur,421
374,Banda,Village,Alampur Bheda,155
375,Banda,Village,Bagodha,359
376,Banda,Village,Bagpura,450
377,Banda,Village,Bamana,1659
378,Banda,Village,Bamhori Jagdish,2041
379,Banda,Village,Bamhori Mafi,710
380,Banda,Village,Bamhori Sagar,534
381,Banda,Village,Bamhorikhurd,2067
382,Banda,Village,Bamura Bheda,1131
383,Banda,Village,Bamura Binaika,471
384,Banda,Village,Bara,6439
385,Banda,Village,Barkhera,577
386,Banda,Village,Barkhera Bheda,178
387,Banda,Village,Behrol,2195
388,Banda,Village,Bejreda,430
389,Banda,Village,Belai,492
390,Banda,Village,Berkheri,999
391,Banda,Village,Besli,1798
392,Banda,Village,Bhadrana,2193
393,Banda,Village,Bharti Nagar,224
394,Banda,Village,Bhartiya,232
395,Banda,Village,Bhedakhas,1382
396,Banda,Village,Bhusa Kamalpur,1699
397,Banda,Village,Bichpuri,314
398,Banda,Village,Bijri,1084
399,Banda,Village,Bilauwa,1285
400,Banda,Village,Bilhani,656
401,Banda,Village,Binaika,2549
402,Banda,Village,Budhakhera,2820
403,Banda,Village,Chakeri Bineka,1328
404,Banda,Village,Chakk Bharti Nagar,376
405,Banda,Village,Chakkniwari,1135
406,Banda,Village,Chandhok,1034
407,Banda,Village,Chandrapura,457
408,Banda,Village,Charodha,1168
409,Banda,Village,Chhapri,2685
410,Banda,Village,Chilpahadi,1374
411,Banda,Village,Chitauli,271
412,Banda,Village,Chitauwa,323
413,Banda,Village,Choki Bheda,447
414,Banda,Village,Chouka Bheda,1637
415,Banda,Village,Dahkuli,425
416,Banda,Village,Dhaboli,3645
417,Banda,Village,Dhamoni,10
418,Banda,Village,Dhand,611
419,Banda,Village,Dilakhedi,1257
420,Banda,Village,Dongarpur,249
421,Banda,Village,Fatehpur,1311
422,Banda,Village,Fatehpur Malgujari,58
423,Banda,Village,Fatehpur Munjapta,157
424,Banda,Village,Gadar,1469
425,Banda,Village,Ganeshganj,873
426,Banda,Village,Ganyari,2334
427,Banda,Village,Ghoghra,2147
428,Banda,Village,Ghurata,254
429,Banda,Village,Gondai,829
430,Banda,Village,Gopalpura,384
431,Banda,Village,Gorakhurd,1691
432,Banda,Village,Hanota Patkui,2000
433,Banda,Village,Hanota Sahawan,1340
434,Banda,Village,Hanota Uwari,1598
435,Banda,Village,Harduwani,305
436,Banda,Village,Hata Khurd,166
437,Banda,Village,Hindoriya,495
438,Banda,Village,Hinoti,1216
439,Banda,Village,Ishakpura,23
440,Banda,Village,Jagthar,2022
441,Banda,Village,Jamuniya,2534
442,Banda,Village,Jawara,532
443,Banda,Village,Jejat Khera,801
444,Banda,Village,Jhagri,1332
445,Banda,Village,Jharai,426
446,Banda,Village,Kalraho,940
447,Banda,Village,Kandari,1292
448,Banda,Village,Kandwa,4335
449,Banda,Village,Kanera,327
450,Banda,Village,Kanti,1557
451,Banda,Village,Kethora,951
452,Banda,Village,Khaharmau,1503
453,Banda,Village,Khajara Bineka,569
454,Banda,Village,Khajra Bheda,948
455,Banda,Village,Khiriya,946
456,Banda,Village,Khojampur,1330
457,Banda,Village,Khurd,619
458,Banda,Village,Khuwari,1215
459,Banda,Village,Kiraula,502
460,Banda,Village,Kotiya,418
461,Banda,Village,Kotra,705
462,Banda,Village,Kulla,1478
463,Banda,Village,Kuwayala,1100
464,Banda,Village,Lachhipura,231
465,Banda,Village,Larethi,978
466,Banda,Village,Madaiya,533
467,Banda,Village,Madia,369
468,Banda,Village,Magardha,2270
469,Banda,Village,Mahmada,665
470,Banda,Village,Majhguwan,1549
471,Banda,Village,Malakpur,410
472,Banda,Village,Manjla,2044
473,Banda,Village,Mataya,492
474,Banda,Village,Mau,824
475,Banda,Village,Midwasa,534
476,Banda,Village,Mokalmau,1719
477,Banda,Village,Mudari Khurd,152
478,Banda,Village,Mudiya,425
479,Banda,Village,Naharmau,1129
480,Banda,Village,Nayakheda,298
481,Banda,Village,Nendhra,2399
482,Banda,Village,Nimon,2561
483,Banda,Village,Niwari,328
484,Banda,Village,Odaho,601
485,Banda,Village,Padwar,1668
486,Banda,Village,Pagra,459
487,Banda,Village,Pajnari,1641
488,Banda,Village,Panari,1051
489,Banda,Village,Parasiya,233
490,Banda,Village,Patan,2369
491,Banda,Village,Patari,685
492,Banda,Village,Patauwa,2251
493,Banda,Village,Pathariya Gond,903
494,Banda,Village,Pathariya Vyas,375
495,Banda,Village,Pidaruwa,2881
496,Banda,Village,Pipariya Chamari,1095
497,Banda,Village,Pipariya Chouda,1300
498,Banda,Village,Pipariya Imlai,1870
499,Banda,Village,Pipariya Rajman,330
500,Banda,Village,Pitholi,1058
501,Banda,Village,Prahlad Pura,684
502,Banda,Village,Rakh,1228
503,Banda,Village,Rakhsi,1080
504,Banda,Village,Ramchandrapura,591
505,Banda,Village,Rampura,676
506,Banda,Village,Ramupura,371
507,Banda,Village,Ranipura,361
508,Banda,Village,Richhai Bineka,529
509,Banda,Village,Richhai Sagar,466
510,Banda,Village,Roda,932
511,Banda,Village,Sagari,257
512,Banda,Village,Sagoriya,754
513,Banda,Village,Sahawan,2721
514,Banda,Village,Saji,1873
515,Banda,Village,Salaiya Bineka,559
516,Banda,Village,Salaiya Kalan,521
517,Banda,Village,Salaiya Khurd,270
518,Banda,Village,Salampura,362
519,Banda,Village,Semra Ahir,880
520,Banda,Village,Semra Dant,1335
521,Banda,Village,Semra Daulat,637
522,Banda,Village,Sesai Mafi,479
523,Banda,Village,Shekhpur,580
524,Banda,Village,Shrijhri,35
525,Banda,Village,Sigdoni,402
526,Banda,Village,Simariya Chhapri,736
527,Banda,Village,Singrawan,1684
528,Banda,Village,Sonpur,194
529,Banda,Village,Sorai,1412
530,Banda,Village,Summera,74
531,Banda,Village,Tagiya,690
532,Banda,Village,Talpoh,117
533,Banda,Village,Tentwara,1001
534,Banda,Village,Toda,81
535,Banda,Village,Uldan,2711
536,Banda,Village,Vijaypura,700
537,Bina,Town,Bina- Etawa Municipality,64529
538,Bina,Town,Bamora Census Town,8493
539,Bina,Town,Bina Rly Colony Census Town,5035
540,Bina,Village,Agasod,4495
541,Bina,Village,Amkheda,672
542,Bina,Village,Bagaspur,638
543,Bina,Village,Bagharupa,110
544,Bina,Village,Balarkhedi,200
545,Bina,Village,Bamhori Durjan,572
546,Bina,Village,Bamhorikela,413
547,Bina,Village,Bamorishekh,737
548,Bina,Village,Bardora,575
549,Bina,Village,Barmayen,958
550,Bina,Village,Barodia,941
551,Bina,Village,Bedhai,867
552,Bina,Village,Belai,2036
553,Bina,Village,Berkhedi Tanda,1209
554,Bina,Village,Berkheri Mafi,1014
555,Bina,Village,Berodiya Gath,1211
556,Bina,Village,Besrakasoi,712
557,Bina,Village,Bethni,921
558,Bina,Village,Bhai Buzurg,636
559,Bina,Village,Bhakrai,568
560,Bina,Village,Bhangarh,3516
561,Bina,Village,Bhapson,182
562,Bina,Village,Bhartoli,195
563,Bina,Village,Bhilawali,575
564,Bina,Village,Bhojpur,258
565,Bina,Village,Biharna,1857
566,Bina,Village,Bilakhana,648
567,Bina,Village,Bildhai Buzurg,568
568,Bina,Village,Bildho,1811
569,Bina,Village,Bindhai,651
570,Bina,Village,Borodiya,326
571,Bina,Village,Bukhara,1381
572,Bina,Village,Chakk Agasod,257
573,Bina,Village,Chamari,1410
574,Bina,Village,Chandera,2
575,Bina,Village,Chhawyanjagedish,22
576,Bina,Village,Chhayankachhi,483
577,Bina,Village,Chikanota,257
578,Bina,Village,Daulatpur,463
579,Bina,Village,Dehri,2898
580,Bina,Village,Deoraji,847
581,Bina,Village,Dewal,2320
582,Bina,Village,Dhamna,768
583,Bina,Village,Dhana,356
584,Bina,Village,Dhand,2020
585,Bina,Village,Dhanora,238
586,Bina,Village,Dhanora,392
587,Bina,Village,Dhanora,1244
588,Bina,Village,Dhansara,880
589,Bina,Village,Dharmpur,237
590,Bina,Village,Dhawai,56
591,Bina,Village,Dhimroli,475
592,Bina,Village,Dhurua,721
593,Bina,Village,Dudhawani,785
594,Bina,Village,Eran,1235
595,Bina,Village,Etawa,1489
596,Bina,Village,Futera,21
597,Bina,Village,Gada,914
598,Bina,Village,Gadhauli,563
599,Bina,Village,Girwal,1641
600,Bina,Village,Godhana,716
601,Bina,Village,Gohar,1588
602,Bina,Village,Gonchi,348
603,Bina,Village,Gulaua,1444
604,Bina,Village,Gungi,975
605,Bina,Village,Guryana,664
606,Bina,Village,Hadkal Khati,1027
607,Bina,Village,Hadkaljain,698
608,Bina,Village,Hansalkhedi,1068
609,Bina,Village,Hansua,827
610,Bina,Village,Hansuwa,313
611,Bina,Village,Hardot,268
612,Bina,Village,Hingti,420
613,Bina,Village,Hinnod,1858
614,Bina,Village,Hiranchipa,1100
615,Bina,Village,Itaiya,408
616,Bina,Village,Jaukheri,244
617,Bina,Village,Jodh,1446
618,Bina,Village,Jugpura,444
619,Bina,Village,Kachanoda,62
620,Bina,Village,Kaethani Ryt.,190
621,Bina,Village,Kajarai,536
622,Bina,Village,Kalraoni,387
623,Bina,Village,Kalukhedi,450
624,Bina,Village,Kanjia,2606
625,Bina,Village,Kanjia Ryt.,199
626,Bina,Village,Kankher,580
627,Bina,Village,Kaorja,986
628,Bina,Village,Karonda,2178
629,Bina,Village,Kathai,322
630,Bina,Village,Khajuria,1035
631,Bina,Village,Khamaukhedi,194
632,Bina,Village,Khiriya Bhagot,1
633,Bina,Village,Khitausa,61
634,Bina,Village,Kirbida,945
635,Bina,Village,Kirond,823
636,Bina,Village,Kurua,221
637,Bina,Village,Laharwas,765
638,Bina,Village,Lahrawada,869
639,Bina,Village,Lakhahar,856
640,Bina,Village,Mahadeo Kheri,898
641,Bina,Village,Maliya,64
642,Bina,Village,Malkheri,551
643,Bina,Village,Manau,206
644,Bina,Village,Manmati,127
645,Bina,Village,Mewli,350
646,Bina,Village,Mirjapur,875
647,Bina,Village,Mohansa,648
648,Bina,Village,Mudari,395
649,Bina,Village,Mudari,182
650,Bina,Village,Mudianayak,234
651,Bina,Village,Mudiya Dehra,975
652,Bina,Village,Muhasa,802
653,Bina,Village,Muryana,506
654,Bina,Village,Musyawada,443
655,Bina,Village,Nahron,307
656,Bina,Village,Naniyakheri,40
657,Bina,Village,Niboda,936
658,Bina,Village,Nibodiya,353
659,Bina,Village,Nogaon,1837
660,Bina,Village,Padaria,1161
661,Bina,Village,Pahlejpur,415
662,Bina,Village,Pali,129
663,Bina,Village,Palikheda,487
664,Bina,Village,Pandho,802
665,Bina,Village,Par,1630
666,Bina,Village,Parasari,559
667,Bina,Village,Parsora,675
668,Bina,Village,Patkui,649
669,Bina,Village,Pipariya,250
670,Bina,Village,Pipariya Puran,196
671,Bina,Village,Piparkheri,775
672,Bina,Village,Piprasar,1445
673,Bina,Village,Purajadho,522
674,Bina,Village,Purena,880
675,Bina,Village,Rahatwas,361
676,Bina,Village,Rampur,967
677,Bina,Village,Rampura,352
678,Bina,Village,Ramsagar,854
679,Bina,Village,Rasulpur,274
680,Bina,Village,Reta,58
681,Bina,Village,Rupau,173
682,Bina,Village,Rusalla,605
683,Bina,Village,Rusalla Shekh,417
684,Bina,Village,Sabdha,491
685,Bina,Village,Salita,353
686,Bina,Village,Sanai,1254
687,Bina,Village,Sargoli,158
688,Bina,Village,Satni,172
689,Bina,Village,Satoriya,1380
690,Bina,Village,Semarkhedi,1289
691,Bina,Village,Shekhpur,424
692,Bina,Village,Sirchopi,2201
693,Bina,Village,Sironjipur,587
694,Bina,Village,Tajpura,231
695,Bina,Village,Umaria,149
696,Khurai,Town,Khurai Municipality,51108
697,Khurai,Village,Achanwara,709
698,Khurai,Village,Alkhedi,146
699,Khurai,Village,Asoli,991
700,Khurai,Village,Bachhu,291
701,Khurai,Village,Badoli,329
702,Khurai,Village,Baghora,412
703,Khurai,Village,Bagthari Patti Khurai,786
704,Khurai,Village,Baharpur,762
705,Khurai,Village,Baheriya Gond,17
706,Khurai,Village,Bahrol,686
707,Khurai,Village,Bairagarh,470
708,Khurai,Village,Balau,474
709,Khurai,Village,Balop,704
710,Khurai,Village,Bamhori Khandera,819
711,Khurai,Village,Bamhori Sabdalpur,142
712,Khurai,Village,Bamori Nawab,717
713,Khurai,Village,Bandri,246
714,Khurai,Village,Bangchi,560
715,Khurai,Village,Banhot,1644
716,Khurai,Village,Bankhiria,347
717,Khurai,Village,Bardha,2593
718,Khurai,Village,Barkhedi Pithariya,890
719,Khurai,Village,Barodiya Baman,545
720,Khurai,Village,Barodiya Nainagir,3115
721,Khurai,Village,Barodiya Simariya,261
722,Khurai,Village,Basahari,7138
723,Khurai,Village,Basiya Gaon,864
724,Khurai,Village,Beichanwara,212
725,Khurai,Village,Beri,797
726,Khurai,Village,Bharchha,1733
727,Khurai,Village,Bhilon,1135
728,Khurai,Village,Bhugaoli,688
729,Khurai,Village,Bhusa,329
730,Khurai,Village,Bilaiya,728
731,Khurai,Village,Binaitha,1319
732,Khurai,Village,Biram Khedi,1152
733,Khurai,Village,Budanpura,332
734,Khurai,Village,Budho,361
735,Khurai,Village,Budhon,620
736,Khurai,Village,Chainpura,65
737,Khurai,Village,Chamrua,54
738,Khurai,Village,Chandpur,404
739,Khurai,Village,Chouka Pathari,438
740,Khurai,Village,Dalpatpur Malgujari,281
741,Khurai,Village,Daraiya,544
742,Khurai,Village,Dhangar,1499
743,Khurai,Village,Dhanora,1166
744,Khurai,Village,Dhanori,135
745,Khurai,Village,Dharampur,488
746,Khurai,Village,Dhemadhana,578
747,Khurai,Village,Dhikuwa,1332
748,Khurai,Village,Dhurdhuru,218
749,Khurai,Village,Gadhola Jagir,3525
750,Khurai,Village,Gadholi Jawahar,870
751,Khurai,Village,Gadoli Dhirj Kalan,2
752,Khurai,Village,Gajar,253
753,Khurai,Village,Gambhiriya Buzurg,1203
754,Khurai,Village,Gambhiriya Khurd,546
755,Khurai,Village,Ganpat,646
756,Khurai,Village,Ghatiyari,398
757,Khurai,Village,Ghorat,1371
758,Khurai,Village,Giltora,339
759,Khurai,Village,Girahani,930
760,Khurai,Village,Golni,964
761,Khurai,Village,Gular,208
762,Khurai,Village,Guwari,1028
763,Khurai,Village,Hadkari,469
764,Khurai,Village,Halau,862
765,Khurai,Village,Hanota,672
766,Khurai,Village,Harduwa,121
767,Khurai,Village,Harvanshpur,225
768,Khurai,Village,Inayatpura,555
769,Khurai,Village,Isharwara,370
770,Khurai,Village,Jagdishpura,412
771,Khurai,Village,Jagrai Kalan,586
772,Khurai,Village,Jamun Khedi,479
773,Khurai,Village,Jamuniya Dhiraj,362
774,Khurai,Village,Jamuniya Wajidkhan,200
775,Khurai,Village,Janraho,95
776,Khurai,Village,Jarwans,1578
777,Khurai,Village,Jeruwa,670
778,Khurai,Village,Jharai,576
779,Khurai,Village,Kachnoda,724
780,Khurai,Village,Kajrai,412
781,Khurai,Village,Kanau,916
782,Khurai,Village,Kanera Gond,467
783,Khurai,Village,Karai,398
784,Khurai,Village,Karaiya Gujar,1516
785,Khurai,Village,Karampur,853
786,Khurai,Village,Katheli,1244
787,Khurai,Village,Kaurasa,1237
788,Khurai,Village,Khada Khedi,309
789,Khurai,Village,Khadesara,1673
790,Khurai,Village,Khaijra Ijjat,838
791,Khurai,Village,Khajra Harchandra,1675
792,Khurai,Village,Khajuria,518
793,Khurai,Village,Khera,847
794,Khurai,Village,Khimlasa,10333
795,Khurai,Village,Khiriya Thansingh,136
796,Khurai,Village,Khoja Khedi,503
797,Khurai,Village,Knnakhedi,625
798,Khurai,Village,Koha,747
799,Khurai,Village,Kokalwara Kalan,495
800,Khurai,Village,Kokalwara Khurd,13
801,Khurai,Village,Kulwai,483
802,Khurai,Village,Kumrol,1378
803,Khurai,Village,Kundru,522
804,Khurai,Village,Lahatwas,882
805,Khurai,Village,Lakhan Kheda,371
806,Khurai,Village,Lamethi,121
807,Khurai,Village,Luharra,557
808,Khurai,Village,Madani,701
809,Khurai,Village,Madia Hindupath,243
810,Khurai,Village,Madna Sultan,495
811,Khurai,Village,Magaradha,628
812,Khurai,Village,Mahera,566
813,Khurai,Village,Maheri,401
814,Khurai,Village,Mahuna Jat,895
815,Khurai,Village,Mahuna Kayastha,609
816,Khurai,Village,Majhera,1109
817,Khurai,Village,Malasuneti,1345
818,Khurai,Village,Mehansi,378
819,Khurai,Village,Mehmada,1
820,Khurai,Village,Mehmudpura,183
821,Khurai,Village,Mudia Kumer,340
822,Khurai,Village,Mudiya,850
823,Khurai,Village,Mudri,441
824,Khurai,Village,Muhali Buzurg,414
825,Khurai,Village,Muhali Muhakam,269
826,Khurai,Village,Muhansa,961
827,Khurai,Village,Muhli Khurd,507
828,Khurai,Village,Mukarampur,1281
829,Khurai,Village,Nagda,710
830,Khurai,Village,Nardha,943
831,Khurai,Village,Naroda,1089
832,Khurai,Village,Nau Kheda,824
833,Khurai,Village,Nirtala,1071
834,Khurai,Village,Niwari,1973
835,Khurai,Village,Odhomadh,504
836,Khurai,Village,Padariya Heerachand,8
837,Khurai,Village,Padrai,426
838,Khurai,Village,Pali,239
839,Khurai,Village,Parasari,92
840,Khurai,Village,Patharia Bodha,495
841,Khurai,Village,Patharia Jegan,2471
842,Khurai,Village,Pipariya Gond,372
843,Khurai,Village,Pyasi,687
844,Khurai,Village,Rahron,482
845,Khurai,Village,Reguwan,746
846,Khurai,Village,Rithore,308
847,Khurai,Village,Rusalla,524
848,Khurai,Village,Sabdha,518
849,Khurai,Village,Sadarpur,355
850,Khurai,Village,Sarkhedi,930
851,Khurai,Village,Satnai,590
852,Khurai,Village,Semera Ganpat Rao,1020
853,Khurai,Village,Semera Ghat,627
854,Khurai,Village,Silapari,577
855,Khurai,Village,Silarpur,911
856,Khurai,Village,Silgaon,668
857,Khurai,Village,Silodha,1523
858,Khurai,Village,Simariya Ghat,407
859,Khurai,Village,Simria Chitebhan,186
860,Khurai,Village,Singhpur,908
861,Khurai,Village,Siyakhedi,239
862,Khurai,Village,Sumreri,1160
863,Khurai,Village,Suneti,180
864,Khurai,Village,Talapar,1216
865,Khurai,Village,Teora,1234
866,Khurai,Village,Tewari,1104
867,Khurai,Village,Tihar,801
868,Khurai,Village,Toda Kacchi,1626
869,Khurai,Village,Urdona,156
870,Deori,Town,Deori Municipality,25632
871,Deori,Village,Anantpura,2126
872,Deori,Village,Arjunda,654
873,Deori,Village,Arsi,265
874,Deori,Village,Bada Murra,39
875,Deori,Village,Badguwan,352
876,Deori,Village,Badha,103
877,Deori,Village,Baheriya,701
878,Deori,Village,Baheriya Kalan,1537
879,Deori,Village,Baheriya Khurd,26
880,Deori,Village,Bamhori,285
881,Deori,Village,Bandi,136
882,Deori,Village,Bansni,374
883,Deori,Village,Barha,2234
884,Deori,Village,Barkoti Kalan,2522
885,Deori,Village,Barpani,417
886,Deori,Village,Beena,1843
887,Deori,Village,Beldhana,1910
888,Deori,Village,Berkheri,241
889,Deori,Village,Berkheri Raja,1376
890,Deori,Village,Bersala,631
891,Deori,Village,Bhadra,400
892,Deori,Village,Bhajiya,521
893,Deori,Village,Bhanpur,283
894,Deori,Village,Bharrai,315
895,Deori,Village,Bhati Kheda,21
896,Deori,Village,Bhonrgarh,490
897,Deori,Village,Bichuwa Bhawatara,1278
898,Deori,Village,Bichuwa Swaroop,176
899,Deori,Village,Bigaura,1222
900,Deori,Village,Bijagaur,371
901,Deori,Village,Bijaura,1098
902,Deori,Village,Bijni Kheda,169
903,Deori,Village,Bilguwan,14
904,Deori,Village,Boriya,355
905,Deori,Village,Chakk Narayanpur,129
906,Deori,Village,Chakk Pipla,716
907,Deori,Village,Chandena,258
908,Deori,Village,Charguwan,1737
909,Deori,Village,Chhewala,446
910,Deori,Village,Chhigoda,350
911,Deori,Village,Chhind,232
912,Deori,Village,Chhindli,1245
913,Deori,Village,Chhir,1822
914,Deori,Village,Chimadhana,713
915,Deori,Village,Chirchita,132
916,Deori,Village,Chirchita Sukhju,634
917,Deori,Village,Chordhawai,407
918,Deori,Village,Damara Beer,650
919,Deori,Village,Deguwan,612
920,Deori,Village,Deori Bakhat,214
921,Deori,Village,Deori Chhatargir,456
922,Deori,Village,Deori Kheda,185
923,Deori,Village,Deori Pathak,108
924,Deori,Village,Dhanguwan,15
925,Deori,Village,Dhultra,1204
926,Deori,Village,Dobhi,1180
927,Deori,Village,Dongar Salaiya,1755
928,Deori,Village,Doomar,264
929,Deori,Village,Doondi,168
930,Deori,Village,Dungariya,179
931,Deori,Village,Dungariya,716
932,Deori,Village,Dungariya Mohli,661
933,Deori,Village,Dungariya Swami,7
934,Deori,Village,Fatehpur,199
935,Deori,Village,Foota Tal,104
936,Deori,Village,Fular,168
937,Deori,Village,Gadguwan,1
938,Deori,Village,Gangwara,692
939,Deori,Village,Gaurjhamer,9746
940,Deori,Village,Ghasipatti,924
941,Deori,Village,Ghat Pipariya,815
942,Deori,Village,Ghughari,248
943,Deori,Village,Gopalpur,436
944,Deori,Village,Gorakhpur,226
945,Deori,Village,Gotegaon,677
946,Deori,Village,Gubra,6
947,Deori,Village,Gugwara,3258
948,Deori,Village,Gundrai,40
949,Deori,Village,Gwari Khurd,184
950,Deori,Village,Harduli,17
951,Deori,Village,Harra Kheda,30
952,Deori,Village,Harrai,294
953,Deori,Village,Hath Khoh,561
954,Deori,Village,Hirapur Khurd,183
955,Deori,Village,Imjhira,846
956,Deori,Village,Ishurpur,692
957,Deori,Village,Jaitpur Gangai,301
958,Deori,Village,Jaitpur Kachhaya,2958
959,Deori,Village,Jaitpur Kopra,1797
960,Deori,Village,Jamnapur Parasiya,1051
961,Deori,Village,Jamtara,342
962,Deori,Village,Jamuniya,185
963,Deori,Village,Jamuniya Pandit,346
964,Deori,Village,Jamunpani,193
965,Deori,Village,Javap,481
966,Deori,Village,Jhamara,932
967,Deori,Village,Jhamra,239
968,Deori,Village,Jhiri Churaman,185
969,Deori,Village,Jhiriya,260
970,Deori,Village,Jhunku,2974
971,Deori,Village,Jogipura,346
972,Deori,Village,Jway,443
973,Deori,Village,Kakri Berkheri,708
974,Deori,Village,Kalmeta,275
975,Deori,Village,Kanjera,660
976,Deori,Village,Kanskheda,1068
977,Deori,Village,Karanpur,98
978,Deori,Village,Katangi,167
979,Deori,Village,Kathautiya,694
980,Deori,Village,Kerpani,95
981,Deori,Village,Kewlari,245
982,Deori,Village,Khairi Padam,334
983,Deori,Village,Khajuriya,572
984,Deori,Village,Khakariya,1692
985,Deori,Village,Kham Kheda,1630
986,Deori,Village,Khamra Pathar,162
987,Deori,Village,Khamra Phathsingh,242
988,Deori,Village,Khamriya,781
989,Deori,Village,Khamriya,15
990,Deori,Village,Khamriya Gond,102
991,Deori,Village,Khanpura,10
992,Deori,Village,Khataula,671
993,Deori,Village,Khatauli,213
994,Deori,Village,Kheri Veer,655
995,Deori,Village,Kheruwa,484
996,Deori,Village,Khodi,660
997,Deori,Village,Kishanpur,201
998,Deori,Village,Kopra,1537
999,Deori,Village,Kusiyari,305
1000,Deori,Village,Kusmi,987
1001,Deori,Village,Machhariya,570
1002,Deori,Village,Mad Khera,637
1003,Deori,Village,Madaj,212
1004,Deori,Village,Madh Pipariya,1132
1005,Deori,Village,Madho,161
1006,Deori,Village,Madiya,135
1007,Deori,Village,Madni,52
1008,Deori,Village,Madwa,369
1009,Deori,Village,Mahguawn,5
1010,Deori,Village,Mahrajpur,4946
1011,Deori,Village,Manegaon,883
1012,Deori,Village,Mangela,11
1013,Deori,Village,Mansoor Bawari,614
1014,Deori,Village,Mardhi Jamuniya,3006
1015,Deori,Village,Mokla,1340
1016,Deori,Village,Moriya,391
1017,Deori,Village,Muar Budhi,121
1018,Deori,Village,Muarkhas,1760
1019,Deori,Village,Muderi,322
1020,Deori,Village,Muderi,1258
1021,Deori,Village,Murrai,148
1022,Deori,Village,Nandna,183
1023,Deori,Village,Nandpur,100
1024,Deori,Village,Narayanpur,396
1025,Deori,Village,Nauradehi,302
1026,Deori,Village,Neguwan Ratan,107
1027,Deori,Village,Negwan,566
1028,Deori,Village,Nigahri,198
1029,Deori,Village,Nirandpur,194
1030,Deori,Village,Padrai Bujurg,749
1031,Deori,Village,Padrai Kalu,4
1032,Deori,Village,Padrai Khurd,231
1033,Deori,Village,Padrai None,116
1034,Deori,Village,Pahla,583
1035,Deori,Village,Panari,1622
1036,Deori,Village,Panzra,300
1037,Deori,Village,Parasai Kalan,116
1038,Deori,Village,Parasiya,11
1039,Deori,Village,Parras,156
1040,Deori,Village,Pathariya Dubey,396
1041,Deori,Village,Patna Barjorsa,70
1042,Deori,Village,Patna Singpur,336
1043,Deori,Village,Pipariya,1153
1044,Deori,Village,Pipariya Beni,724
1045,Deori,Village,Pipariya Gusai,182
1046,Deori,Village,Pipariya Nande,798
1047,Deori,Village,Pipariya None,21
1048,Deori,Village,Pipariya Pathak,722
1049,Deori,Village,Purena Chouki,652
1050,Deori,Village,Purenakaran,268
1051,Deori,Village,Putdehi,544
1052,Deori,Village,Raikheda,784
1053,Deori,Village,Rajola,545
1054,Deori,Village,Ramkheri,58
1055,Deori,Village,Ramkheri,321
1056,Deori,Village,Ramkhiriya,892
1057,Deori,Village,Ramnna,7
1058,Deori,Village,Ramtek,684
1059,Deori,Village,Ranital,304
1060,Deori,Village,Rasena,2401
1061,Deori,Village,Ratikarar,25
1062,Deori,Village,Reechhai,1059
1063,Deori,Village,Sagara,416
1064,Deori,Village,Sagoni,373
1065,Deori,Village,Salaiya,26
1066,Deori,Village,Salaiya Dubey,341
1067,Deori,Village,Salawara,929
1068,Deori,Village,Samnapur Jadho,241
1069,Deori,Village,Samnapur Kharagaran,266
1070,Deori,Village,Samnapur Khurd,633
1071,Deori,Village,Samnapur Seth,790
1072,Deori,Village,Samnapur Shahju,856
1073,Deori,Village,Sarkheda,901
1074,Deori,Village,Sarkhera,426
1075,Deori,Village,Sarra,229
1076,Deori,Village,Sarra Dalpat,597
1077,Deori,Village,Sarra Nande,315
1078,Deori,Village,Sarrakhurd,526
1079,Deori,Village,Sarraveer,413
1080,Deori,Village,Sasna,238
1081,Deori,Village,Semra Kheri,652
1082,Deori,Village,Sendwara,278
1083,Deori,Village,Shri Nagar,466
1084,Deori,Village,Silari,2131
1085,Deori,Village,Silarpur,351
1086,Deori,Village,Silkuhi,78
1087,Deori,Village,Simariya,1141
1088,Deori,Village,Simariya,422
1089,Deori,Village,Simariya,354
1090,Deori,Village,Simariya Harrakheda,1986
1091,Deori,Village,Singpur,310
1092,Deori,Village,Singpur,2077
1093,Deori,Village,Sonpur,547
1094,Deori,Village,Sujanpur,752
1095,Deori,Village,Suna,698
1096,Deori,Village,Suna,887
1097,Deori,Village,Suradehi,774
1098,Deori,Village,Tara,193
1099,Deori,Village,Tikariya,270
1100,Deori,Village,Tindani,108
1101,Deori,Village,Titarpani,895
1102,Deori,Village,Tundari,88
1103,Deori,Village,Umarkhoh,276
1104,Deori,Village,Vindali,48
1105,Malthon,Village,Aduwa,339
1106,Malthon,Village,Agasiras,1516
1107,Malthon,Village,Akai,307
1108,Malthon,Village,Amairamgarha,852
1109,Malthon,Village,Andela,2111
1110,Malthon,Village,Asoli,825
1111,Malthon,Village,Ata Karnel Garh,985
1112,Malthon,Village,Ata Tila,1709
1113,Malthon,Village,Badoiya,281
1114,Malthon,Village,Badraho,825
1115,Malthon,Village,Baheriya Buzurg,657
1116,Malthon,Village,Bamhori Hudda,954
1117,Malthon,Village,Bamhori Lal,323
1118,Malthon,Village,Bamnora,1157
1119,Malthon,Village,Bamnora,590
1120,Malthon,Village,Bandri Karoli,10802
1121,Malthon,Village,Bangela,1183
1122,Malthon,Village,Bankhiriya,174
1123,Malthon,Village,Barodiya Chandrapur,932
1124,Malthon,Village,Barodiya Gusai,761
1125,Malthon,Village,Barodiya Kalan,6836
1126,Malthon,Village,Baruwa,32
1127,Malthon,Village,Belakheda,253
1128,Malthon,Village,Besra,1006
1129,Malthon,Village,Bhelaiya,1010
1130,Malthon,Village,Bidwasan,1765
1131,Malthon,Village,Bighai,377
1132,Malthon,Village,Bijri,1271
1133,Malthon,Village,Bikor Kalan,867
1134,Malthon,Village,Bikor Khurd,298
1135,Malthon,Village,Bisraha,1020
1136,Malthon,Village,Bobai,434
1137,Malthon,Village,Chak Bankhiriya,332
1138,Malthon,Village,Chakeri,953
1139,Malthon,Village,Chanari,482
1140,Malthon,Village,Chandrapur,1496
1141,Malthon,Village,Charauda,913
1142,Malthon,Village,Chauka Kalan,266
1143,Malthon,Village,Chauka Khurd,20
1144,Malthon,Village,Chhiraru,224
1145,Malthon,Village,Churari,731
1146,Malthon,Village,Dabedera,1444
1147,Malthon,Village,Dari,1017
1148,Malthon,Village,Deopura,523
1149,Malthon,Village,Deoraji,615
1150,Malthon,Village,Dhadli,714
1151,Malthon,Village,Dhaurra,18
1152,Malthon,Village,Dhawri,1341
1153,Malthon,Village,Dhimrai,171
1154,Malthon,Village,Dhoraikhas,742
1155,Malthon,Village,Dugaha Kalan,1711
1156,Malthon,Village,Dugaha Khurd,818
1157,Malthon,Village,Gadhola Gusai,594
1158,Malthon,Village,Gadholi,566
1159,Malthon,Village,Gambhiriya Raitwari,311
1160,Malthon,Village,Gangau,466
1161,Malthon,Village,Ganguwa,958
1162,Malthon,Village,Gaurar,131
1163,Malthon,Village,Ghorat,268
1164,Malthon,Village,Gidha,929
1165,Malthon,Village,Gondu Vijaipura,1045
1166,Malthon,Village,Hadli,815
1167,Malthon,Village,Haduwa,691
1168,Malthon,Village,Hanota,402
1169,Malthon,Village,Hanumat Pahadi Mal,372
1170,Malthon,Village,Hanumat Pahari Raitwari,94
1171,Malthon,Village,Hardot,780
1172,Malthon,Village,Hinnoda,605
1173,Malthon,Village,Hiran Chhipa,1217
1174,Malthon,Village,Imaliya Dugaha,354
1175,Malthon,Village,Imaliya Khurd,819
1176,Malthon,Village,Imaliya Kishore,447
1177,Malthon,Village,Itwa,1000
1178,Malthon,Village,Jamu Keshar,460
1179,Malthon,Village,Jamundhana,212
1180,Malthon,Village,Jhadiya,107
1181,Malthon,Village,Jhikni,1263
1182,Malthon,Village,Jholsi,727
1183,Malthon,Village,Jhujharpura,707
1184,Malthon,Village,Kaluwa,1057
1185,Malthon,Village,Kanna Kheri,502
1186,Malthon,Village,Karaiya Mafi,352
1187,Malthon,Village,Karke Khajuriya,349
1188,Malthon,Village,Khaduwa,696
1189,Malthon,Village,Kharera,449
1190,Malthon,Village,Khatora,1200
1191,Malthon,Village,Khera,783
1192,Malthon,Village,Kherai,842
1193,Malthon,Village,Khiriya Dang,158
1194,Malthon,Village,Khiriya Kalan,561
1195,Malthon,Village,Khiriya Shankar,517
1196,Malthon,Village,Khirsiya Gond,217
1197,Malthon,Village,Kishungarh,536
1198,Malthon,Village,Kuluwa Khas,325
1199,Malthon,Village,Kunwar Pura,690
1200,Malthon,Village,Kurman,183
1201,Malthon,Village,Kuwa Kheda,678
1202,Malthon,Village,Lachhasar,262
1203,Malthon,Village,Laloi,1605
1204,Malthon,Village,Longar,698
1205,Malthon,Village,Mad Khera,816
1206,Malthon,Village,Madawan Gouri,1600
1207,Malthon,Village,Madawan Mar,497
1208,Malthon,Village,Madawan Payak,1272
1209,Malthon,Village,Madiya Kirat,450
1210,Malthon,Village,Madiya Mafi,1060
1211,Malthon,Village,Magra,766
1212,Malthon,Village,Mahul Khas,381
1213,Malthon,Village,Majhera,142
1214,Malthon,Village,Malthon,10764
1215,Malthon,Village,Mandri,1065
1216,Malthon,Village,Mangus,647
1217,Malthon,Village,Mirgawali,647
1218,Malthon,Village,Mudiya Ghusai,456
1219,Malthon,Village,Mudri Pithoriya,543
1220,Malthon,Village,Muhali Buzurg,812
1221,Malthon,Village,Muhli Khurd,402
1222,Malthon,Village,Muhli Pithoriya,716
1223,Malthon,Village,Nanoni,440
1224,Malthon,Village,Naudhana,1398
1225,Malthon,Village,Nauniya,410
1226,Malthon,Village,Nautha,311
1227,Malthon,Village,Neemkheda,600
1228,Malthon,Village,Neguwan,483
1229,Malthon,Village,Netna,1133
1230,Malthon,Village,Padariya,519
1231,Malthon,Village,Padmari,104
1232,Malthon,Village,Pahar Guwan,1404
1233,Malthon,Village,Palethni,637
1234,Malthon,Village,Pali Raitwari,588
1235,Malthon,Village,Pali Sujam,327
1236,Malthon,Village,Paluwa,402
1237,Malthon,Village,Parasari,345
1238,Malthon,Village,Parson,2461
1239,Malthon,Village,Pathariya Baman,660
1240,Malthon,Village,Pathariya Chintai,683
1241,Malthon,Village,Patharpura,64
1242,Malthon,Village,Pati Kheda,638
1243,Malthon,Village,Patraj,298
1244,Malthon,Village,Piparkhiriya,245
1245,Malthon,Village,Pirai,477
1246,Malthon,Village,Pitholi,692
1247,Malthon,Village,Pithoriya,3678
1248,Malthon,Village,Radon Malgujari,1049
1249,Malthon,Village,Radon Raitwari,579
1250,Malthon,Village,Rajpur,1
1251,Malthon,Village,Rajuwa,869
1252,Malthon,Village,Rajwans,2830
1253,Malthon,Village,Ramchhapari,1020
1254,Malthon,Village,Rampura,95
1255,Malthon,Village,Ratanpur,347
1256,Malthon,Village,Richha,660
1257,Malthon,Village,Rouda,2328
1258,Malthon,Village,Sadhupur,246
1259,Malthon,Village,Sagoni,1609
1260,Malthon,Village,Samaspur,837
1261,Malthon,Village,Sanjra,707
1262,Malthon,Village,Semera Guru,546
1263,Malthon,Village,Semera Kachhi,300
1264,Malthon,Village,Semera Lodhi,1022
1265,Malthon,Village,Semra Ata,429
1266,Malthon,Village,Semra Jamudeep,252
1267,Malthon,Village,Sewan,1899
1268,Malthon,Village,Simariya Garye,410
1269,Malthon,Village,Sipkur Khas,1152
1270,Malthon,Village,Sipur Khurd,300
1271,Malthon,Village,Sukalipura,248
1272,Malthon,Village,Surru,846
1273,Malthon,Village,Tagarbaghoniya,109
1274,Malthon,Village,Tigra Buzurg,590
1275,Malthon,Village,Tigra Khurd,509
1276,Malthon,Village,Titri,16
1277,Malthon,Village,Turkai,72
1278,Malthon,Village,Ubayada,17
1279,Malthon,Village,Ujneth,1720
1280,Malthon,Village,Umrai,1001
1281,Rehli,Town,Rehli Municipality,30329
1282,Rehli,Village,Achalpur,931
1283,Rehli,Village,Akla,416
1284,Rehli,Village,Ankhi Khera,457
1285,Rehli,Village,Babupura,600
1286,Rehli,Village,Badarchuwan,342
1287,Rehli,Village,Badgaon,936
1288,Rehli,Village,Bagaspura,1000
1289,Rehli,Village,Bagraon,1142
1290,Rehli,Village,Baidwara,1117
1291,Rehli,Village,Bamurakunj,473
1292,Rehli,Village,Barkhera,976
1293,Rehli,Village,Barkhera Jagan,509
1294,Rehli,Village,Barkheri Sikandar,2442
1295,Rehli,Village,Belkheda,12
1296,Rehli,Village,Bhaisa,597
1297,Rehli,Village,Bhohari,22
1298,Rehli,Village,Chandpur,4547
1299,Rehli,Village,Changuwan,168
1300,Rehli,Village,Chhapra,2655
1301,Rehli,Village,Chheola,445
1302,Rehli,Village,Chhirari,4336
1303,Rehli,Village,Chouka,714
1304,Rehli,Village,Chuhra,866
1305,Rehli,Village,Darariya,989
1306,Rehli,Village,Deori Chaudhari,619
1307,Rehli,Village,Deori Chhirari,36
1308,Rehli,Village,Dhanguwan,1013
1309,Rehli,Village,Dhikuwa,391
1310,Rehli,Village,Dhonai,922
1311,Rehli,Village,Dhonda,567
1312,Rehli,Village,Dobhi,407
1313,Rehli,Village,Ghughari Kheda,162
1314,Rehli,Village,Gopalpura,41
1315,Rehli,Village,Guda Kalan,1316
1316,Rehli,Village,Guda Khurd,272
1317,Rehli,Village,Gunjora,4560
1318,Rehli,Village,Gupalpura,343
1319,Rehli,Village,Hardot,732
1320,Rehli,Village,Harduwa Rehli,931
1321,Rehli,Village,Harra,405
1322,Rehli,Village,Hinoti,1147
1323,Rehli,Village,Hirapur,17
1324,Rehli,Village,Imaliya,905
1325,Rehli,Village,Ingua Kheda,34
1326,Rehli,Village,Jamghat,1135
1327,Rehli,Village,Jamuniya,189
1328,Rehli,Village,Jhinkinti,328
1329,Rehli,Village,Juna,3496
1330,Rehli,Village,Kachhi Pipariya,2887
1331,Rehli,Village,Kadta,1214
1332,Rehli,Village,Kasal Pipariya,2682
1333,Rehli,Village,Kelwas,733
1334,Rehli,Village,Khai Kheda,19
1335,Rehli,Village,Khairana,3511
1336,Rehli,Village,Khapa,521
1337,Rehli,Village,Khargapur,193
1338,Rehli,Village,Khejra,258
1339,Rehli,Village,Kheri Nabada,517
1340,Rehli,Village,Kishangarh,448
1341,Rehli,Village,Kudpura,405
1342,Rehli,Village,Lakhanpur,29
1343,Rehli,Village,Luhagar,727
1344,Rehli,Village,Madanpura,319
1345,Rehli,Village,Madia Buzurg,629
1346,Rehli,Village,Mahendra,469
1347,Rehli,Village,Mahesha Garhakota,274
1348,Rehli,Village,Majhguwan,1058
1349,Rehli,Village,Mandla,429
1350,Rehli,Village,Marpani,769
1351,Rehli,Village,Menai,1091
1352,Rehli,Village,Mohli,2488
1353,Rehli,Village,Mothar Khurd,525
1354,Rehli,Village,Muhana,267
1355,Rehli,Village,Nareta,1095
1356,Rehli,Village,Nawalpur,1054
1357,Rehli,Village,Niwasi,821
1358,Rehli,Village,Padaria,926
1359,Rehli,Village,Parasai Khurd,791
1360,Rehli,Village,Parrka,932
1361,Rehli,Village,Patai,1869
1362,Rehli,Village,Patan Buzurg,5676
1363,Rehli,Village,Patna Buzurg,302
1364,Rehli,Village,Patna Muhli,709
1365,Rehli,Village,Patti Badgaon,280
1366,Rehli,Village,Pipargaur,851
1367,Rehli,Village,Pipariya Narsingh,760
1368,Rehli,Village,Pipariyakurman,151
1369,Rehli,Village,Rajwans,1548
1370,Rehli,Village,Ramgarha,320
1371,Rehli,Village,Ramkhiriya,1328
1372,Rehli,Village,Rampur,1938
1373,Rehli,Village,Rangir,719
1374,Rehli,Village,Ranipura,184
1375,Rehli,Village,Ratanpar,410
1376,Rehli,Village,Reojha,656
1377,Rehli,Village,Richhoda,50
1378,Rehli,Village,Sagoni Bundela,529
1379,Rehli,Village,Sahajpuri Kalan,1530
1380,Rehli,Village,Sahajpuri Khurd,1005
1381,Rehli,Village,Sahuwan,434
1382,Rehli,Village,Sakari,321
1383,Rehli,Village,Salaiya,490
1384,Rehli,Village,Salaiya,479
1385,Rehli,Village,Samnapur Berkheri,65
1386,Rehli,Village,Samnapur Kalan,1425
1387,Rehli,Village,Sandai,648
1388,Rehli,Village,Sarra Kalan,512
1389,Rehli,Village,Sarra Khurd,222
1390,Rehli,Village,Sawal Khiriya,1248
1391,Rehli,Village,Sehri,634
1392,Rehli,Village,Semra Gond,814
1393,Rehli,Village,Semra Madho,529
1394,Rehli,Village,Simaria Nadia,179
1395,Rehli,Village,Simariya Naik,1290
1396,Rehli,Village,Sonpur,847
1397,Rehli,Village,Suhagpur,204
1398,Rehli,Village,Talanpur,535
1399,Rehli,Village,Tikhi,1106
1400,Rehli,Village,Tinsi,1099
1401,Rehli,Village,Vijaypura,653
1402,Shahgarh,Town,Shahgarh Nagar Panchayat,16300
1403,Shahgarh,Village,Adavan,1479
1404,Shahgarh,Village,Agara,556
1405,Shahgarh,Village,Alampur,90
1406,Shahgarh,Village,Amarmaoh,5550
1407,Shahgarh,Village,Bagaich,287
1408,Shahgarh,Village,Bagrodha,1624
1409,Shahgarh,Village,Bagrohi,3278
1410,Shahgarh,Village,Balyalpura,683
1411,Shahgarh,Village,Bamhori Shahgarh,728
1412,Shahgarh,Village,Bamnora,750
1413,Shahgarh,Village,Bankari,266
1414,Shahgarh,Village,Baraj,1858
1415,Shahgarh,Village,Barayatha,4976
1416,Shahgarh,Village,Barethi,2020
1417,Shahgarh,Village,Barguwan,567
1418,Shahgarh,Village,Barkhera Shahgarh,626
1419,Shahgarh,Village,Basona,705
1420,Shahgarh,Village,Batwaha,791
1421,Shahgarh,Village,Bei,707
1422,Shahgarh,Village,Bharatpur,1148
1423,Shahgarh,Village,Bhikampur Abad,118
1424,Shahgarh,Village,Bhikampur Mustajri,94
1425,Shahgarh,Village,Bhikampur Ryt.,275
1426,Shahgarh,Village,Bilagram,3364
1427,Shahgarh,Village,Bilguwan,88
1428,Shahgarh,Village,Binnai,647
1429,Shahgarh,Village,Bodanganj,497
1430,Shahgarh,Village,Budna,976
1431,Shahgarh,Village,Chakeri Shahgarh,686
1432,Shahgarh,Village,Chakk Dalpatpur,219
1433,Shahgarh,Village,Chakk Gora Katya,92
1434,Shahgarh,Village,Chakkmohari,364
1435,Shahgarh,Village,Chandola,245
1436,Shahgarh,Village,Chhayan,74
1437,Shahgarh,Village,Chouki,82
1438,Shahgarh,Village,Dalpatpur,5096
1439,Shahgarh,Village,Datya,1568
1440,Shahgarh,Village,Dhawara,852
1441,Shahgarh,Village,Dhurmar,451
1442,Shahgarh,Village,Dulchipur,535
1443,Shahgarh,Village,Dulona,1167
1444,Shahgarh,Village,Fulwari,56
1445,Shahgarh,Village,Garroli,1650
1446,Shahgarh,Village,Ghutrai,119
1447,Shahgarh,Village,Gomatpur,322
1448,Shahgarh,Village,Gugra Khurd,2081
1449,Shahgarh,Village,Hansrai,841
1450,Shahgarh,Village,Harrai,1
1451,Shahgarh,Village,Hirapur,4627
1452,Shahgarh,Village,Indora,720
1453,Shahgarh,Village,Jalampur,906
1454,Shahgarh,Village,Jasoda,1309
1455,Shahgarh,Village,Jhadola,1148
1456,Shahgarh,Village,Kajrawan,697
1457,Shahgarh,Village,Kanikhedi,1812
1458,Shahgarh,Village,Kanikhedi Khurd,266
1459,Shahgarh,Village,Karai,512
1460,Shahgarh,Village,Khairwaha,360
1461,Shahgarh,Village,Khargorani,1234
1462,Shahgarh,Village,Khatora Kalan,2944
1463,Shahgarh,Village,Khatora Khurd,679
1464,Shahgarh,Village,Kishunpura,1181
1465,Shahgarh,Village,Lamnau,445
1466,Shahgarh,Village,Lidhoura,850
1467,Shahgarh,Village,Ludayara,1366
1468,Shahgarh,Village,Madantala,717
1469,Shahgarh,Village,Magra,689
1470,Shahgarh,Village,Mahuna,1098
1471,Shahgarh,Village,Malkhuwan,165
1472,Shahgarh,Village,Mohari,1080
1473,Shahgarh,Village,Mudari Bujurg,1417
1474,Shahgarh,Village,Muhli,366
1475,Shahgarh,Village,Nanakpur,338
1476,Shahgarh,Village,Narwan,7355
1477,Shahgarh,Village,Nayakheda,752
1478,Shahgarh,Village,Neguan Bineka,1
1479,Shahgarh,Village,Neguwan,786
1480,Shahgarh,Village,Nihani,801
1481,Shahgarh,Village,Niwahi,425
1482,Shahgarh,Village,Nouraj,907
1483,Shahgarh,Village,Padrai,219
1484,Shahgarh,Village,Papet,2609
1485,Shahgarh,Village,Parsuwan,751
1486,Shahgarh,Village,Patrekota,304
1487,Shahgarh,Village,Pulkator,1753
1488,Shahgarh,Village,Pura Shahgarh,704
1489,Shahgarh,Village,Rabara,902
1490,Shahgarh,Village,Rajoula,578
1491,Shahgarh,Village,Rampur,1194
1492,Shahgarh,Village,Ratanpur,1042
1493,Shahgarh,Village,Ratanpur Shahgarh,223
1494,Shahgarh,Village,Rurawan,2175
1495,Shahgarh,Village,Sadagir,895
1496,Shahgarh,Village,Sadpur,895
1497,Shahgarh,Village,Sasa,1338
1498,Shahgarh,Village,Sasan,1066
1499,Shahgarh,Village,Semra Kakrat,634
1500,Shahgarh,Village,Semra Ramchandra,1433
1501,Shahgarh,Village,Semra Sanodha,1222
1502,Shahgarh,Village,Silapari,586
1503,Shahgarh,Village,Simariya Kalan,955
1504,Shahgarh,Village,Simariya Khurd,705
1505,Shahgarh,Village,Singhpur,130
1506,Shahgarh,Village,Tahrouli,420
1507,Shahgarh,Village,Tarpoh,1997
1508,Shahgarh,Village,Tatarwara,689
1509,Shahgarh,Village,Tigoda,4562
1510,Shahgarh,Village,Tinsi,412
1511,Shahgarh,Village,Tinsuwa,1245
1512,Shahgarh,Village,Ujnethi,914
1513,Rahatgarh,Town,Rahatgarh Nagar Panchayat,31537
1514,Rahatgarh,Village,Aeran Mirzapur,1293
1515,Rahatgarh,Village,Bahadurpur,1002
1516,Rahatgarh,Village,Bakena,479
1517,Rahatgarh,Village,Bamhori Seth,380
1518,Rahatgarh,Village,Bamura,467
1519,Rahatgarh,Village,Barbatu,423
1520,Rahatgarh,Village,Barodiya Ballahh,1157
1521,Rahatgarh,Village,Basiya Bhoti,701
1522,Rahatgarh,Village,Basiya Gange,1143
1523,Rahatgarh,Village,Basoda,801
1524,Rahatgarh,Village,Batyaoda,1352
1525,Rahatgarh,Village,Behrol,809
1526,Rahatgarh,Village,Behta Alinagar,306
1527,Rahatgarh,Village,Berkhera,863
1528,Rahatgarh,Village,Berkheri,814
1529,Rahatgarh,Village,Berkheri Bhoti,322
1530,Rahatgarh,Village,Berkheri Gopal,387
1531,Rahatgarh,Village,Bhabhukawari,865
1532,Rahatgarh,Village,Bhaisa,1315
1533,Rahatgarh,Village,Bhulna Bhangarh,439
1534,Rahatgarh,Village,Bichpuri,1057
1535,Rahatgarh,Village,Bilaspur,213
1536,Rahatgarh,Village,Bilha Kuwakheda,135
1537,Rahatgarh,Village,Binaiki,957
1538,Rahatgarh,Village,Chakerpur,272
1539,Rahatgarh,Village,Chandan Hari,515
1540,Rahatgarh,Village,Chandrapur,1308
1541,Rahatgarh,Village,Chauki,817
1542,Rahatgarh,Village,Chhirkheda,254
1543,Rahatgarh,Village,Dabri,1027
1544,Rahatgarh,Village,Darkoli,538
1545,Rahatgarh,Village,Daudpur,231
1546,Rahatgarh,Village,Dhagarniya,816
1547,Rahatgarh,Village,Dhanora,238
1548,Rahatgarh,Village,Dhekri,717
1549,Rahatgarh,Village,Fatehpura,269
1550,Rahatgarh,Village,Gada,193
1551,Rahatgarh,Village,Gadaghat,326
1552,Rahatgarh,Village,Gambhiriya,126
1553,Rahatgarh,Village,Gamiriya,856
1554,Rahatgarh,Village,Gawari,231
1555,Rahatgarh,Village,Gazikheda,376
1556,Rahatgarh,Village,Gungucha,134
1557,Rahatgarh,Village,Hanotiya Kalan,1178
1558,Rahatgarh,Village,Harwanshpura,594
1559,Rahatgarh,Village,Hinotiya Khurd,311
1560,Rahatgarh,Village,Hirankheda,2009
1561,Rahatgarh,Village,Huran Kutguwn,1037
1562,Rahatgarh,Village,Jaitpura,550
1563,Rahatgarh,Village,Jalandhar,3384
1564,Rahatgarh,Village,Jamundhana,407
1565,Rahatgarh,Village,Jhila,3760
1566,Rahatgarh,Village,Johariya Sheikh,9
1567,Rahatgarh,Village,Kakruwa,195
1568,Rahatgarh,Village,Kalyanpur Bir,382
1569,Rahatgarh,Village,Kalyanpur Mal,136
1570,Rahatgarh,Village,Karaiya,521
1571,Rahatgarh,Village,Karaiya Hazari,151
1572,Rahatgarh,Village,Kathoda Fazalpur,856
1573,Rahatgarh,Village,Katighati,427
1574,Rahatgarh,Village,Kenera,194
1575,Rahatgarh,Village,Khajuriya,779
1576,Rahatgarh,Village,Khari Gumariya,802
1577,Rahatgarh,Village,Khatakheri,710
1578,Rahatgarh,Village,Khejramafi,1440
1579,Rahatgarh,Village,Khiriya Jhila,362
1580,Rahatgarh,Village,Khiriya Kajiwara,364
1581,Rahatgarh,Village,Kishunpur,775
1582,Rahatgarh,Village,Kituwa,704
1583,Rahatgarh,Village,Koluwa,659
1584,Rahatgarh,Village,Koluwa,587
1585,Rahatgarh,Village,Lachkyai,619
1586,Rahatgarh,Village,Lalbag,371
1587,Rahatgarh,Village,Luharra,1680
1588,Rahatgarh,Village,Mad Deora,823
1589,Rahatgarh,Village,Magoriya,235
1590,Rahatgarh,Village,Mahuna Gujar,1415
1591,Rahatgarh,Village,Manak Chauk,988
1592,Rahatgarh,Village,Manesiya,542
1593,Rahatgarh,Village,Mankapur,442
1594,Rahatgarh,Village,Manki Salaiya,1149
1595,Rahatgarh,Village,Mardanpur,1125
1596,Rahatgarh,Village,Masaniya,296
1597,Rahatgarh,Village,Menwara Kalan,1574
1598,Rahatgarh,Village,Menwara Khurd,159
1599,Rahatgarh,Village,Mirkhedi,819
1600,Rahatgarh,Village,Mohasa,714
1601,Rahatgarh,Village,Mudiya Meda,144
1602,Rahatgarh,Village,Nadanwara,548
1603,Rahatgarh,Village,Nanau,345
1604,Rahatgarh,Village,Nayakheda,169
1605,Rahatgarh,Village,Nivodiya,678
1606,Rahatgarh,Village,Norja,566
1607,Rahatgarh,Village,Osankheri,536
1608,Rahatgarh,Village,Pachoha,903
1609,Rahatgarh,Village,Pachpipra,156
1610,Rahatgarh,Village,Padarsoi,1224
1611,Rahatgarh,Village,Parasari Khurd,339
1612,Rahatgarh,Village,Parasari Tyonda,602
1613,Rahatgarh,Village,Parasri Kalan,793
1614,Rahatgarh,Village,Parsora,322
1615,Rahatgarh,Village,Patan,14
1616,Rahatgarh,Village,Patheriya Bedni,827
1617,Rahatgarh,Village,Pekhlon,867
1618,Rahatgarh,Village,Pepalkhedi,49
1619,Rahatgarh,Village,Pipariya Chor,496
1620,Rahatgarh,Village,Pipariya Ghat,260
1621,Rahatgarh,Village,Pipariya Khas,378
1622,Rahatgarh,Village,Piparkhedi,350
1623,Rahatgarh,Village,Pipra,1885
1624,Rahatgarh,Village,Rajoli,688
1625,Rahatgarh,Village,Rajwans,846
1626,Rahatgarh,Village,Ramchayari,206
1627,Rahatgarh,Village,Rasulpur,110
1628,Rahatgarh,Village,Rupau,323
1629,Rahatgarh,Village,Rusalla,143
1630,Rahatgarh,Village,Rusalla,472
1631,Rahatgarh,Village,Sagoni Umariya,908
1632,Rahatgarh,Village,Saikheda,638
1633,Rahatgarh,Village,Semra Charkhara,791
1634,Rahatgarh,Village,Semra Jhila,519
1635,Rahatgarh,Village,Semra Meda,900
1636,Rahatgarh,Village,Senpa,173
1637,Rahatgarh,Village,Shikarpur,867
1638,Rahatgarh,Village,Sihora,5355
1639,Rahatgarh,Village,Sonpur,688
1640,Rahatgarh,Village,Sothiya,326
1641,Rahatgarh,Village,Sumredi,418
1642,Rahatgarh,Village,Tatarpur,115
1643,Rahatgarh,Village,Tila Buzurg,1559
1644,Rahatgarh,Village,Umariya Semra,908
1645,Garhakota,Town,Garhakota Municipality,32726
1646,Garhakota,Village,Bachhlon,832
1647,Garhakota,Village,Badipura,593
1648,Garhakota,Village,Baleh,3717
1649,Garhakota,Village,Bamhori Garay,751
1650,Garhakota,Village,Bamhori Khera,410
1651,Garhakota,Village,Bamnoda,662
1652,Garhakota,Village,Barkhera Gautam,1152
1653,Garhakota,Village,Basari,1590
1654,Garhakota,Village,Belai,579
1655,Garhakota,Village,Berkheri Kalan,973
1656,Garhakota,Village,Berkheri Khurd,67
1657,Garhakota,Village,Bhatoli,505
1658,Garhakota,Village,Bhordahar,384
1659,Garhakota,Village,Bichhiya,945
1660,Garhakota,Village,Bichuwa,106
1661,Garhakota,Village,Birpati,406
1662,Garhakota,Village,Boma,336
1663,Garhakota,Village,Boma,293
1664,Garhakota,Village,Borai,1505
1665,Garhakota,Village,Chainpura,325
1666,Garhakota,Village,Chakk Parasiya,54
1667,Garhakota,Village,Chanauva Bujurg,1525
1668,Garhakota,Village,Chanauva Khurd,512
1669,Garhakota,Village,Chandola,747
1670,Garhakota,Village,Chandrapura,572
1671,Garhakota,Village,Charkhari,939
1672,Garhakota,Village,Chhulla,2626
1673,Garhakota,Village,Choka,715
1674,Garhakota,Village,Chourai,1726
1675,Garhakota,Village,Darariya,1409
1676,Garhakota,Village,Datpura,771
1677,Garhakota,Village,Deopura,496
1678,Garhakota,Village,Deowalpani,322
1679,Garhakota,Village,Dudkhera,294
1680,Garhakota,Village,Gangapur,161
1681,Garhakota,Village,Garh Semara,202
1682,Garhakota,Village,Ghogra,1532
1683,Garhakota,Village,Hardi,2528
1684,Garhakota,Village,Hinota,219
1685,Garhakota,Village,Jariya Khiriya,876
1686,Garhakota,Village,Jhagri,716
1687,Garhakota,Village,Jhunda,1166
1688,Garhakota,Village,Kadala,731
1689,Garhakota,Village,Kajrawan,191
1690,Garhakota,Village,Kanmadh,76
1691,Garhakota,Village,Kekara,1020
1692,Garhakota,Village,Kesali,38
1693,Garhakota,Village,Khadi,2
1694,Garhakota,Village,Khanpura,507
1695,Garhakota,Village,Kharotala,509
1696,Garhakota,Village,Khejra,952
1697,Garhakota,Village,Khera,730
1698,Garhakota,Village,Khiriya Khawas,513
1699,Garhakota,Village,Khumeriya,124
1700,Garhakota,Village,Kudai,523
1701,Garhakota,Village,Kumeriya,1283
1702,Garhakota,Village,Kumrai,2142
1703,Garhakota,Village,Kunwarpur,561
1704,Garhakota,Village,Madho,643
1705,Garhakota,Village,Madiya Agrasen,2100
1706,Garhakota,Village,Madiya Askarn,223
1707,Garhakota,Village,Madiya Khurd,120
1708,Garhakota,Village,Magardha,860
1709,Garhakota,Village,Mahesha Khurd,238
1710,Garhakota,Village,Mahuwa Semara,548
1711,Garhakota,Village,Majhguwan,171
1712,Garhakota,Village,Manegaon,62
1713,Garhakota,Village,Manegaon,109
1714,Garhakota,Village,Mothar Nayak,869
1715,Garhakota,Village,Murga,488
1716,Garhakota,Village,Pachara,445
1717,Garhakota,Village,Padquari,534
1718,Garhakota,Village,Pahred,675
1719,Garhakota,Village,Parasiya,2139
1720,Garhakota,Village,Pateriya,135
1721,Garhakota,Village,Phular,1729
1722,Garhakota,Village,Pipariya Ahir,549
1723,Garhakota,Village,Pipariya Bhatoli,1311
1724,Garhakota,Village,Pipariya Digarra,1851
1725,Garhakota,Village,Pipariya Ghat,644
1726,Garhakota,Village,Pipariya Gupal,1844
1727,Garhakota,Village,Raguwan,1590
1728,Garhakota,Village,Raja Khedi,292
1729,Garhakota,Village,Ranguwan,1212
1730,Garhakota,Village,Ratnari,1288
1731,Garhakota,Village,Ron,2123
1732,Garhakota,Village,Sagoni Baleh,184
1733,Garhakota,Village,Sanjara,1829
1734,Garhakota,Village,Sevas,1113
1735,Garhakota,Village,Simariya Baleh,252
1736,Garhakota,Village,Singpur,288
1737,Garhakota,Village,Sodani,253
1738,Garhakota,Village,Sorkhi,111
1739,Garhakota,Village,Surajpura,605
1740,Garhakota,Village,Swaker,455
1741,Garhakota,Village,Tada,2682
1742,Garhakota,Village,Tal Semara,1600
1743,Garhakota,Village,Udaipura,1581
1744,Garhakota,Village,Umara,2613
1745,Garhakota,Village,Vijaypura,443
1746,Garhakota,Village,Vijaypura,742
1747,Kesli,Village,Adharpur,265
1748,Kesli,Village,Alanpur,394
1749,Kesli,Village,Amakhoh,608
1750,Kesli,Village,Amoda,730
1751,Kesli,Village,Anghori,809
1752,Kesli,Village,Arjuni,802
1753,Kesli,Village,Bagadri Khurd,537
1754,Kesli,Village,Baghwara,737
1755,Kesli,Village,Bamhori,400
1756,Kesli,Village,Bamhori,1302
1757,Kesli,Village,Bamhori,605
1758,Kesli,Village,Bankori,948
1759,Kesli,Village,Barkoti Khurd,1028
1760,Kesli,Village,Basa,534
1761,Kesli,Village,Bedar Pipariya,995
1762,Kesli,Village,Berkheri,319
1763,Kesli,Village,Bersala,233
1764,Kesli,Village,Bhajiya,3
1765,Kesli,Village,Bhardi,787
1766,Kesli,Village,Bhilaiya,404
1767,Kesli,Village,Bhirmakheda,258
1768,Kesli,Village,Bhonhara,307
1769,Kesli,Village,Bhonhara,748
1770,Kesli,Village,Bhusaura,1585
1771,Kesli,Village,Bilaiki,169
1772,Kesli,Village,Bilhari,1313
1773,Kesli,Village,Chakk Bilaiki,227
1774,Kesli,Village,Chakk Dhilwar,220
1775,Kesli,Village,Chakk Hiranpur,32
1776,Kesli,Village,Chameli Khapa,703
1777,Kesli,Village,Chandrapur,83
1778,Kesli,Village,Chandrapura,179
1779,Kesli,Village,Chauka,1112
1780,Kesli,Village,Chilgarh,55
1781,Kesli,Village,Chirai,549
1782,Kesli,Village,Choura Dongri,626
1783,Kesli,Village,Dalpatpur,300
1784,Kesli,Village,Daori,11
1785,Kesli,Village,Dehchuli,239
1786,Kesli,Village,Dehchuwa,935
1787,Kesli,Village,Deori Kalan,318
1788,Kesli,Village,Deori Khurd,201
1789,Kesli,Village,Deori Naharmau,1330
1790,Kesli,Village,Dhaawai,952
1791,Kesli,Village,Dhanguwan,309
1792,Kesli,Village,Dilahri,426
1793,Kesli,Village,Doma,1478
1794,Kesli,Village,Dudhwara,542
1795,Kesli,Village,Duhli,527
1796,Kesli,Village,Dungariya,612
1797,Kesli,Village,Dungariya,495
1798,Kesli,Village,Gatauri Pana,902
1799,Kesli,Village,Ghana,1742
1800,Kesli,Village,Ghana,369
1801,Kesli,Village,Ghat Kheri,604
1802,Kesli,Village,Ghoghari,19
1803,Kesli,Village,Gogai,653
1804,Kesli,Village,Gutauri Bairagi,39
1805,Kesli,Village,Gutauri Deori,466
1806,Kesli,Village,Hinotiya,374
1807,Kesli,Village,Hiranpur,363
1808,Kesli,Village,Hiranpur Churrka,276
1809,Kesli,Village,Indalpur,869
1810,Kesli,Village,Indalpur,132
1811,Kesli,Village,Jaithari,264
1812,Kesli,Village,Jaitpur,1844
1813,Kesli,Village,Jamunia,683
1814,Kesli,Village,Jamuniya,662
1815,Kesli,Village,Jamuniyachikhli,862
1816,Kesli,Village,Jamunpani,346
1817,Kesli,Village,Janakpur,1415
1818,Kesli,Village,Jaruwa,358
1819,Kesli,Village,Jhamra Mauar,575
1820,Kesli,Village,Jhiriya,713
1821,Kesli,Village,Jhiriya,785
1822,Kesli,Village,Jolanpur,575
1823,Kesli,Village,Juniya,455
1824,Kesli,Village,Kachhawa,564
1825,Kesli,Village,Kanjera Tuti,470
1826,Kesli,Village,Kenkara,335
1827,Kesli,Village,Keolari Kalan,2273
1828,Kesli,Village,Keolari Khurd,302
1829,Kesli,Village,Kerpani,578
1830,Kesli,Village,Kesali,8586
1831,Kesli,Village,Khairi,313
1832,Kesli,Village,Khairi,430
1833,Kesli,Village,Khajuriya,347
1834,Kesli,Village,Khamriya,2180
1835,Kesli,Village,Khapra Kheda,246
1836,Kesli,Village,Khar Khari,590
1837,Kesli,Village,Khatola,401
1838,Kesli,Village,Kheri Kalan,1143
1839,Kesli,Village,Kheri Khurd,272
1840,Kesli,Village,Kirkota,362
1841,Kesli,Village,Kishanpur,570
1842,Kesli,Village,Kukaryau,36
1843,Kesli,Village,Kukwara,615
1844,Kesli,Village,Kuldongri,176
1845,Kesli,Village,Kusmi,1241
1846,Kesli,Village,Madanpur,140
1847,Kesli,Village,Madni,223
1848,Kesli,Village,Mahka,414
1849,Kesli,Village,Mahka,573
1850,Kesli,Village,Mahua Kheda,1200
1851,Kesli,Village,Mandki,1135
1852,Kesli,Village,Mangela,700
1853,Kesli,Village,Mankapur,534
1854,Kesli,Village,Maramadho,1167
1855,Kesli,Village,Mihguwan,169
1856,Kesli,Village,Minhda,213
1857,Kesli,Village,Mohasa,1286
1858,Kesli,Village,Muderi,380
1859,Kesli,Village,Muhli,718
1860,Kesli,Village,Nabalpur,952
1861,Kesli,Village,Naharmau,2097
1862,Kesli,Village,Nandiya,553
1863,Kesli,Village,Narayanpur,1159
1864,Kesli,Village,Nayanagar,1450
1865,Kesli,Village,Neguwan,205
1866,Kesli,Village,Niwari Kalan,271
1867,Kesli,Village,Niwari Khurd,208
1868,Kesli,Village,Nonpur,368
1869,Kesli,Village,Padrai,2
1870,Kesli,Village,Padrai Kalan,315
1871,Kesli,Village,Paloh,715
1872,Kesli,Village,Patha Khurd,1271
1873,Kesli,Village,Pathakalan,600
1874,Kesli,Village,Patna,802
1875,Kesli,Village,Patna Deori,1013
1876,Kesli,Village,Patna Khurd,2288
1877,Kesli,Village,Pipariya,454
1878,Kesli,Village,Pipariya,625
1879,Kesli,Village,Pipariya,22
1880,Kesli,Village,Pipariya Mahka,86
1881,Kesli,Village,Pipariya Toda,324
1882,Kesli,Village,Pipariya Udebhan,358
1883,Kesli,Village,Poundi,258
1884,Kesli,Village,Putarra,284
1885,Kesli,Village,Putrra,939
1886,Kesli,Village,Ramgarha,463
1887,Kesli,Village,Ramkheri,168
1888,Kesli,Village,Ramkheri,823
1889,Kesli,Village,Rampatan,27
1890,Kesli,Village,Ranipura,228
1891,Kesli,Village,Rehli Kheda,66
1892,Kesli,Village,Rengajholi,204
1893,Kesli,Village,Sagoni Sohagpur,826
1894,Kesli,Village,Sahajpur,3865
1895,Kesli,Village,Sahajpur,529
1896,Kesli,Village,Sahajpuri,534
1897,Kesli,Village,Samnapur,557
1898,Kesli,Village,Saraivan,671
1899,Kesli,Village,Sardai,831
1900,Kesli,Village,Sariapani,530
1901,Kesli,Village,Saudhana,267
1902,Kesli,Village,Semara,499
1903,Kesli,Village,Simariya Dubey,206
1904,Kesli,Village,Singpur Satguan,1036
1905,Kesli,Village,Sonpur,537
1906,Kesli,Village,Suatala,107
1907,Kesli,Village,Surajpura,72
1908,Kesli,Village,Tada,3149
1909,Kesli,Village,Tekapar,93
1910,Kesli,Village,Tendudabar,826
1911,Kesli,Village,Thawari,546
1912,Kesli,Village,Thawari,797
1913,Kesli,Village,Todka,295
1914,Kesli,Village,Tulsipar,508
1915,Kesli,Village,Tulsipar,95
1916,Kesli,Village,Tumri,748
1917,Kesli,Village,Udaipur,399
1918,Kesli,Village,Umariya,74
1919,Kesli,Village,Umariya,1067
1920,Kesli,Village,Untkata,596
1921,Kesli,Village,Untkata,585
